{"stats":{"minecraft:custom":{"minecraft:time_since_rest":209816,"minecraft:interact_with_furnace":10,"minecraft:sprint_one_cm":2740,"minecraft:walk_one_cm":17466,"minecraft:mob_kills":3,"minecraft:drop":1,"minecraft:damage_dealt":280,"minecraft:fly_one_cm":12363,"minecraft:open_chest":61,"minecraft:crouch_one_cm":449,"minecraft:play_time":209816,"minecraft:sneak_time":315,"minecraft:jump":41,"minecraft:leave_game":2,"minecraft:time_since_death":209816,"minecraft:total_world_time":262522},"minecraft:dropped":{"minecraft:gravel":64},"minecraft:killed":{"chickens:string_chicken":1,"goblintraders:goblin_trader":1,"chickens:lime_chicken":1},"minecraft:picked_up":{"minecraft:crafting_table":1,"minecraft:raw_iron":1,"minecraft:feather":1,"minecraft:chicken":2,"createsifter:brass_mesh":1,"integrateddynamics:on_the_dynamics_of_integration":1,"minecraft:raw_copper":5,"minecraft:gray_stained_glass_pane":17,"minecraft:apple":2,"natprog:cobbled_andesite":3,"minecraft:coal":1,"minecraft:cobblestone":2},"minecraft:mined":{"minecraft:iron_ore":1,"minecraft:andesite":3,"minecraft:coal_ore":1,"minecraft:copper_ore":1,"minecraft:stone":2},"minecraft:used":{"minecraft:iron_ore":1,"natprog:bone_pickaxe":7,"minecraft:coal_ore":1,"minecraft:grass_block":79,"minecraft:stone_pickaxe":1,"minecraft:oak_sign":1,"minecraft:copper_ore":1,"minecraft:chest":15,"minecraft:stone":2,"mysticalagriculture:prosperity_ore":1,"tconstruct:seared_faucet":2,"silentgems:rose_quartz_ore":1,"minecraft:iron_sword":5,"create:creative_motor":1,"tconstruct:seared_channel":1,"minecraft:gravel":1,"create:zinc_ore":2,"createsifter:sifter":2,"tconstruct:seared_fuel_tank":5,"tconstruct:seared_drain":3,"minecraft:furnace":4,"minecraft:andesite":4,"tconstruct:seared_bricks":42,"tconstruct:seared_basin":1,"tconstruct:smeltery_controller":1}},"DataVersion":3120}